{"database-engine":"mysql","database-properties":{"database-version":"8.1.0","database-flavor":"mysql","model-version":"1.1"},"objects":[{"objectType":"database","fullName":"\u0022octopubdev\u0022"},{"objectType":"table","fullName":"\u0022octopubdev\u0022.\u0022audit\u0022","columns":[{"objectType":"column","fullName":"\u0022id\u0022","type":"int","null":"NOT NULL"},{"objectType":"column","fullName":"\u0022dataPartition\u0022","type":"varchar(255)","null":"NOT NULL"},{"objectType":"column","fullName":"\u0022subject\u0022","type":"varchar(255)","null":"NOT NULL"},{"objectType":"column","fullName":"\u0022object\u0022","type":"varchar(255)","null":"NOT NULL"},{"objectType":"column","fullName":"\u0022action\u0022","type":"varchar(255)","null":"NOT NULL"},{"objectType":"column","fullName":"\u0022encryptedSubject\u0022","type":"tinyint(1)","null":"NOT NULL"},{"objectType":"column","fullName":"\u0022encryptedObject\u0022","type":"tinyint(1)","null":"NOT NULL"},{"objectType":"column","fullName":"\u0022time\u0022","type":"timestamp","null":"NOT NULL"},{"objectType":"column","fullName":"\u0022auditor_id\u0022","type":"int"}],"primaryKey":{"objectType":"primaryKey","fullName":"\u0022PRIMARY\u0022","columns":["id"]}},{"objectType":"table","fullName":"\u0022octopubdev\u0022.\u0022product\u0022","columns":[{"objectType":"column","fullName":"\u0022id\u0022","type":"int","null":"NOT NULL"},{"objectType":"column","fullName":"\u0022dataPartition\u0022","type":"varchar(255)","null":"NOT NULL"},{"objectType":"column","fullName":"\u0022name\u0022","type":"varchar(255)","null":"NOT NULL"},{"objectType":"column","fullName":"\u0022pdf\u0022","type":"varchar(255)"},{"objectType":"column","fullName":"\u0022epub\u0022","type":"varchar(255)"},{"objectType":"column","fullName":"\u0022image\u0022","type":"varchar(255)"},{"objectType":"column","fullName":"\u0022web\u0022","type":"varchar(255)"},{"objectType":"column","fullName":"\u0022description\u0022","type":"longtext"}],"primaryKey":{"objectType":"primaryKey","fullName":"\u0022PRIMARY\u0022","columns":["id"]}},{"objectType":"table","fullName":"\u0022octopubdev\u0022.\u0022product_aud\u0022","columns":[{"objectType":"column","fullName":"\u0022REV\u0022","type":"int","null":"NOT NULL"},{"objectType":"column","fullName":"\u0022REVTYPE\u0022","type":"tinyint"},{"objectType":"column","fullName":"\u0022id\u0022","type":"int","null":"NOT NULL"},{"objectType":"column","fullName":"\u0022dataPartition\u0022","type":"varchar(255)","null":"NOT NULL"},{"objectType":"column","fullName":"\u0022name\u0022","type":"varchar(255)","null":"NOT NULL"},{"objectType":"column","fullName":"\u0022pdf\u0022","type":"varchar(255)"},{"objectType":"column","fullName":"\u0022epub\u0022","type":"varchar(255)"},{"objectType":"column","fullName":"\u0022image\u0022","type":"varchar(255)"},{"objectType":"column","fullName":"\u0022web\u0022","type":"varchar(255)"},{"objectType":"column","fullName":"\u0022description\u0022","type":"longtext"}],"primaryKey":{"objectType":"primaryKey","fullName":"\u0022PRIMARY\u0022","columns":["REV","id"]}},{"objectType":"table","fullName":"\u0022octopubdev\u0022.\u0022product_orders\u0022","columns":[{"objectType":"column","fullName":"\u0022order_id\u0022","type":"bigint"},{"objectType":"column","fullName":"\u0022buyer_id\u0022","type":"bigint"}]},{"objectType":"table","fullName":"\u0022octopubdev\u0022.\u0022revinfo\u0022","columns":[{"objectType":"column","fullName":"\u0022REV\u0022","type":"int","null":"NOT NULL"},{"objectType":"column","fullName":"\u0022REVTSTMP\u0022","type":"bigint"}],"primaryKey":{"objectType":"primaryKey","fullName":"\u0022PRIMARY\u0022","columns":["REV"]}}]}
