[{"Id":"dGFibGU6ImF1ZGl0IjoiYXVkaXQi","ObjectInSource":{"Name":"audit","Schema":"octopub_shadow","Definition":"CREATE TABLE octopub_shadow.audit (\n    id int NOT NULL,\n    dataPartition varchar(255) NOT NULL,\n    subject varchar(255) NOT NULL,\n    object varchar(255) NOT NULL,\n    action varchar(255) NOT NULL,\n    encryptedSubject tinyint(1) NOT NULL,\n    encryptedObject tinyint(1) NOT NULL,\n    time timestamp NOT NULL,\n    auditor_id int NULL\n);\nALTER TABLE octopub_shadow.audit ADD PRIMARY KEY (id);"},"ObjectInTarget":{"Name":"audit","Schema":"octopub_shadow","Definition":"CREATE TABLE octopub_shadow.audit (\n    id int NOT NULL,\n    dataPartition varchar(255) NOT NULL,\n    subject varchar(255) NOT NULL,\n    object varchar(255) NOT NULL,\n    action varchar(255) NOT NULL,\n    encryptedSubject tinyint(1) NOT NULL,\n    encryptedObject tinyint(1) NOT NULL,\n    time timestamp NOT NULL\n);\nALTER TABLE octopub_shadow.audit ADD PRIMARY KEY (id);"},"DifferenceType":2,"ObjectType":"Table"}]